orderIdentifier,orderLineNumber,orderType,product.partNumber,shipFromInstructionLocation.locationIdentifier,shipToLocation.locationIdentifier,status,createdDate,requestedShipDate,requestedDeliveryDate,plannedShipDate,plannedDeliveryDate,quantity,quantityUnits,productValue,value,valueCurrency,shipmentCount
100044323,100,OUTBOUND,PS-SL-B122,LT-2,FAA - Washington,,2021-07-20T00:00:00,2021-08-31T00:00:00,2021-09-06T00:00:00,2021-09-03T00:00:00,2021-09-06T00:00:00,250,EA,1250,312500,USD,
100044323,200,OUTBOUND,PS-SL-KIT,LT-2,FAA - Washington,,2021-07-20T00:00:00,2021-08-31T00:00:00,2021-09-06T00:00:00,2021-09-03T00:00:00,2021-09-06T00:00:00,250,EA,0,0,USD,
100044323,300,OUTBOUND,PS-SL-INFO,LT-2,FAA - Washington,,2021-07-20T00:00:00,2021-08-31T00:00:00,2021-09-06T00:00:00,2021-09-03T00:00:00,2021-09-06T00:00:00,250,EA,0,0,USD,
100044324,100,OUTBOUND,PS-SL-F343,LT-2,FAA - Washington,,2021-07-20T00:00:00,2021-08-19T00:00:00,2021-08-22T00:00:00,2021-08-19T00:00:00,2021-08-22T00:00:00,132,EA,1250,165000,USD,
100044324,200,OUTBOUND,PS-SL-KIT,LT-2,FAA - Washington,,2021-07-20T00:00:00,2021-08-19T00:00:00,2021-08-22T00:00:00,2021-08-19T00:00:00,2021-08-22T00:00:00,132,EA,0,0,USD,
100044324,300,OUTBOUND,PS-SL-INFO,LT-2,FAA - Washington,,2021-07-20T00:00:00,2021-08-19T00:00:00,2021-08-22T00:00:00,2021-08-19T00:00:00,2021-08-22T00:00:00,132,EA,0,0,USD,
100044325,100,OUTBOUND,PS-SL-F342,LT-2,COLA - Los Alamos,,2021-07-11T00:00:00,2021-08-10T00:00:00,2021-08-18T00:00:00,2021-08-10T00:00:00,2021-08-18T00:00:00,44,EA,1250,55000,USD,
100044325,200,OUTBOUND,PS-SL-KIT,LT-2,COLA - Los Alamos,,2021-07-11T00:00:00,2021-08-10T00:00:00,2021-08-18T00:00:00,2021-08-10T00:00:00,2021-08-18T00:00:00,44,EA,0,0,USD,
100044325,300,OUTBOUND,PS-SL-INFO,LT-2,COLA - Los Alamos,,2021-07-11T00:00:00,2021-08-10T00:00:00,2021-08-18T00:00:00,2021-08-10T00:00:00,2021-08-18T00:00:00,44,EA,0,0,USD,
100044326,100,OUTBOUND,PS-SL-A288,LT-2,COLA - Los Alamos,,2021-07-11T00:00:00,2021-08-02T00:00:00,2021-08-10T00:00:00,2021-08-02T00:00:00,2021-08-10T00:00:00,12,EA,1250,15000,USD,
100044326,200,OUTBOUND,PS-SL-KIT,LT-2,COLA - Los Alamos,,2021-07-11T00:00:00,2021-08-02T00:00:00,2021-08-10T00:00:00,2021-08-02T00:00:00,2021-08-10T00:00:00,12,EA,0,0,USD,
100044326,300,OUTBOUND,PS-SL-INFO,LT-2,COLA - Los Alamos,,2021-07-11T00:00:00,2021-08-02T00:00:00,2021-08-10T00:00:00,2021-08-02T00:00:00,2021-08-10T00:00:00,12,EA,0,0,USD,
100044327,100,OUTBOUND,PS-SL-A288,LT-2,COLA - Los Alamos,,2021-07-11T00:00:00,2021-08-02T00:00:00,2021-08-10T00:00:00,2021-08-02T00:00:00,2021-08-10T00:00:00,12,EA,1250,15000,USD,
100044327,200,OUTBOUND,PS-SL-KIT,LT-2,COLA - Los Alamos,,2021-07-11T00:00:00,2021-08-02T00:00:00,2021-08-10T00:00:00,2021-08-02T00:00:00,2021-08-10T00:00:00,12,EA,0,0,USD,
100044327,300,OUTBOUND,PS-SL-INFO,LT-2,COLA - Los Alamos,,2021-07-11T00:00:00,2021-08-02T00:00:00,2021-08-10T00:00:00,2021-08-02T00:00:00,2021-08-10T00:00:00,12,EA,0,0,USD,
100044328,100,OUTBOUND,PS-SL-H309,LT-2,QPWD - Ville de Québec,,2021-07-07T00:00:00,2021-07-29T00:00:00,2021-08-04T00:00:00,2021-07-29T00:00:00,2021-08-04T00:00:00,56,EA,1250,70000,USD,
100044328,200,OUTBOUND,PS-SL-KIT,LT-2,QPWD - Ville de Québec,,2021-07-07T00:00:00,2021-07-29T00:00:00,2021-08-04T00:00:00,2021-07-29T00:00:00,2021-08-04T00:00:00,56,EA,0,0,USD,
100044328,300,OUTBOUND,PS-SL-INFO,LT-2,QPWD - Ville de Québec,,2021-07-07T00:00:00,2021-07-29T00:00:00,2021-08-04T00:00:00,2021-07-29T00:00:00,2021-08-04T00:00:00,56,EA,0,0,USD,
100044329,100,OUTBOUND,PS-SL-H310,LT-2,QPWD - Ville de Québec,,2021-07-07T00:00:00,2021-07-29T00:00:00,2021-08-04T00:00:00,2021-07-29T00:00:00,2021-08-04T00:00:00,320,EA,1250,400000,USD,
100044329,200,OUTBOUND,PS-SL-KIT,LT-2,QPWD - Ville de Québec,,2021-07-07T00:00:00,2021-07-29T00:00:00,2021-08-04T00:00:00,2021-07-29T00:00:00,2021-08-04T00:00:00,320,EA,0,0,USD,
100044329,300,OUTBOUND,PS-SL-INFO,LT-2,QPWD - Ville de Québec,,2021-07-07T00:00:00,2021-07-29T00:00:00,2021-08-04T00:00:00,2021-07-29T00:00:00,2021-08-04T00:00:00,320,EA,0,0,USD,
100044330,100,OUTBOUND,PS-SL-F342,LT-2,QPWD - Ville de Québec,,2021-07-07T00:00:00,2021-08-06T00:00:00,2021-08-12T00:00:00,2021-08-06T00:00:00,2021-08-12T00:00:00,12,EA,1250,15000,USD,
100044330,200,OUTBOUND,PS-SL-KIT,LT-2,QPWD - Ville de Québec,,2021-07-07T00:00:00,2021-08-06T00:00:00,2021-08-12T00:00:00,2021-08-06T00:00:00,2021-08-12T00:00:00,12,EA,0,0,USD,
100044330,300,OUTBOUND,PS-SL-INFO,LT-2,QPWD - Ville de Québec,,2021-07-07T00:00:00,2021-08-06T00:00:00,2021-08-12T00:00:00,2021-08-06T00:00:00,2021-08-12T00:00:00,12,EA,0,0,USD,
100044331,100,OUTBOUND,PS-SL-F344,LT-2,QPWD - Ville de Québec,,2021-07-07T00:00:00,2021-08-04T00:00:00,2021-08-12T00:00:00,2021-08-06T00:00:00,2021-08-12T00:00:00,960,EA,1250,1200000,USD,
100044331,200,OUTBOUND,PS-SL-KIT,LT-2,QPWD - Ville de Québec,,2021-07-07T00:00:00,2021-08-04T00:00:00,2021-08-12T00:00:00,2021-08-06T00:00:00,2021-08-12T00:00:00,960,EA,0,0,USD,
100044331,300,OUTBOUND,PS-SL-INFO,LT-2,QPWD - Ville de Québec,,2021-07-07T00:00:00,2021-08-04T00:00:00,2021-08-12T00:00:00,2021-08-06T00:00:00,2021-08-12T00:00:00,960,EA,0,0,USD,
100044332,100,OUTBOUND,PS-SL-A123,LT-2,QPWD - Ville de Québec,,2021-07-07T00:00:00,2021-08-21T00:00:00,2021-08-27T00:00:00,2021-08-21T00:00:00,2021-08-27T00:00:00,56,EA,1250,70000,USD,
100044332,200,OUTBOUND,PS-SL-KIT,LT-2,QPWD - Ville de Québec,,2021-07-07T00:00:00,2021-08-21T00:00:00,2021-08-27T00:00:00,2021-08-21T00:00:00,2021-08-27T00:00:00,56,EA,0,0,USD,
100044332,300,OUTBOUND,PS-SL-INFO,LT-2,QPWD - Ville de Québec,,2021-07-07T00:00:00,2021-08-21T00:00:00,2021-08-27T00:00:00,2021-08-21T00:00:00,2021-08-27T00:00:00,56,EA,0,0,USD,
100044333,100,OUTBOUND,PS-SL-F343,LT-2,MAHD - Boston,,2021-06-30T00:00:00,2021-07-30T00:00:00,2021-08-02T00:00:00,2021-07-30T00:00:00,2021-08-02T00:00:00,132,EA,1250,165000,USD,
100044333,200,OUTBOUND,PS-SL-KIT,LT-2,MAHD - Boston,,2021-06-30T00:00:00,2021-07-30T00:00:00,2021-08-02T00:00:00,2021-07-30T00:00:00,2021-08-02T00:00:00,132,EA,0,0,USD,
100044333,300,OUTBOUND,PS-SL-INFO,LT-2,MAHD - Boston,,2021-06-30T00:00:00,2021-07-30T00:00:00,2021-08-02T00:00:00,2021-07-30T00:00:00,2021-08-02T00:00:00,132,EA,0,0,USD,
100044334,100,OUTBOUND,PS-SL-F342,LT-2,MAHD - Boston,,2021-06-30T00:00:00,2021-07-30T00:00:00,2021-08-02T00:00:00,2021-07-30T00:00:00,2021-08-02T00:00:00,66,EA,1250,82500,USD,
100044334,200,OUTBOUND,PS-SL-KIT,LT-2,MAHD - Boston,,2021-06-30T00:00:00,2021-07-30T00:00:00,2021-08-02T00:00:00,2021-07-30T00:00:00,2021-08-02T00:00:00,66,EA,0,0,USD,
100044334,300,OUTBOUND,PS-SL-INFO,LT-2,MAHD - Boston,,2021-06-30T00:00:00,2021-07-30T00:00:00,2021-08-02T00:00:00,2021-07-30T00:00:00,2021-08-02T00:00:00,66,EA,0,0,USD,
100044335,100,OUTBOUND,PS-SL-H310,LT-2,KYTC - Lexington,,2021-06-28T00:00:00,2021-07-20T00:00:00,2021-07-24T00:00:00,2021-07-20T00:00:00,2021-07-24T00:00:00,320,EA,1250,400000,USD,
100044335,200,OUTBOUND,PS-SL-KIT,LT-2,KYTC - Lexington,,2021-06-28T00:00:00,2021-07-20T00:00:00,2021-07-24T00:00:00,2021-07-20T00:00:00,2021-07-24T00:00:00,320,EA,0,0,USD,
100044335,300,OUTBOUND,PS-SL-INFO,LT-2,KYTC - Lexington,,2021-06-28T00:00:00,2021-07-20T00:00:00,2021-07-24T00:00:00,2021-07-20T00:00:00,2021-07-24T00:00:00,320,EA,0,0,USD,
100044336,100,OUTBOUND,PS-SL-F342,LT-2,KYTC - Lexington,,2021-06-28T00:00:00,2021-07-28T00:00:00,2021-08-01T00:00:00,2021-07-28T00:00:00,2021-08-01T00:00:00,75,EA,1250,93750,USD,
100044336,200,OUTBOUND,PS-SL-KIT,LT-2,KYTC - Lexington,,2021-06-28T00:00:00,2021-07-28T00:00:00,2021-08-01T00:00:00,2021-07-28T00:00:00,2021-08-01T00:00:00,75,EA,0,0,USD,
100044336,300,OUTBOUND,PS-SL-INFO,LT-2,KYTC - Lexington,,2021-06-28T00:00:00,2021-07-28T00:00:00,2021-08-01T00:00:00,2021-07-28T00:00:00,2021-08-01T00:00:00,75,EA,0,0,USD,
100044337,100,OUTBOUND,PS-SL-F344,LT-2,KYTC - Lexington,,2021-06-28T00:00:00,2021-07-28T00:00:00,2021-08-01T00:00:00,2021-07-28T00:00:00,2021-08-01T00:00:00,4,EA,1250,5000,USD,
100044337,200,OUTBOUND,PS-SL-KIT,LT-2,KYTC - Lexington,,2021-06-28T00:00:00,2021-07-28T00:00:00,2021-08-01T00:00:00,2021-07-28T00:00:00,2021-08-01T00:00:00,4,EA,0,0,USD,
100044337,300,OUTBOUND,PS-SL-INFO,LT-2,KYTC - Lexington,,2021-06-28T00:00:00,2021-07-28T00:00:00,2021-08-01T00:00:00,2021-07-28T00:00:00,2021-08-01T00:00:00,4,EA,0,0,USD,
100044338,100,OUTBOUND,PS-SL-A123,LT-1,NYDOT - New Rochelle,,2021-06-15T00:00:00,2021-07-30T00:00:00,2021-08-03T00:00:00,2021-07-30T00:00:00,2021-08-03T00:00:00,512,EA,1250,640000,USD,
100044338,200,OUTBOUND,PS-SL-KIT,LT-1,NYDOT - New Rochelle,,2021-06-15T00:00:00,2021-07-30T00:00:00,2021-08-03T00:00:00,2021-07-30T00:00:00,2021-08-03T00:00:00,512,EA,0,0,USD,
100044338,300,OUTBOUND,PS-SL-INFO,LT-1,NYDOT - New Rochelle,,2021-06-15T00:00:00,2021-07-30T00:00:00,2021-08-03T00:00:00,2021-07-30T00:00:00,2021-08-03T00:00:00,512,EA,0,0,USD,
100044339,100,OUTBOUND,PS-SL-F342,LT-1,NYDOT - New Rochelle,,2021-06-15T00:00:00,2021-07-15T00:00:00,2021-07-19T00:00:00,2021-07-15T00:00:00,2021-07-19T00:00:00,124,EA,1250,155000,USD,
100044339,200,OUTBOUND,PS-SL-KIT,LT-1,NYDOT - New Rochelle,,2021-06-15T00:00:00,2021-07-15T00:00:00,2021-07-19T00:00:00,2021-07-15T00:00:00,2021-07-19T00:00:00,124,EA,0,0,USD,
100044339,300,OUTBOUND,PS-SL-INFO,LT-1,NYDOT - New Rochelle,,2021-06-15T00:00:00,2021-07-15T00:00:00,2021-07-19T00:00:00,2021-07-15T00:00:00,2021-07-19T00:00:00,124,EA,0,0,USD,
100044340,100,OUTBOUND,PS-SL-F344,LT-1,NYDOT - New Rochelle,,2021-06-15T00:00:00,2021-07-15T00:00:00,2021-07-19T00:00:00,2021-07-15T00:00:00,2021-07-19T00:00:00,37,EA,1250,46250,USD,
100044340,200,OUTBOUND,PS-SL-KIT,LT-1,NYDOT - New Rochelle,,2021-06-15T00:00:00,2021-07-15T00:00:00,2021-07-19T00:00:00,2021-07-15T00:00:00,2021-07-19T00:00:00,37,EA,0,0,USD,
100044340,300,OUTBOUND,PS-SL-INFO,LT-1,NYDOT - New Rochelle,,2021-06-15T00:00:00,2021-07-15T00:00:00,2021-07-19T00:00:00,2021-07-15T00:00:00,2021-07-19T00:00:00,37,EA,0,0,USD,
100044341,100,OUTBOUND,PS-SL-H310,LT-1,NYDOT - New Rochelle,,2021-06-15T00:00:00,2021-07-07T00:00:00,2021-07-11T00:00:00,2021-07-07T00:00:00,2021-07-11T00:00:00,320,EA,1250,400000,USD,
100044341,200,OUTBOUND,PS-SL-KIT,LT-1,NYDOT - New Rochelle,,2021-06-15T00:00:00,2021-07-07T00:00:00,2021-07-11T00:00:00,2021-07-07T00:00:00,2021-07-11T00:00:00,320,EA,0,0,USD,
100044341,300,OUTBOUND,PS-SL-INFO,LT-1,NYDOT - New Rochelle,,2021-06-15T00:00:00,2021-07-07T00:00:00,2021-07-11T00:00:00,2021-07-07T00:00:00,2021-07-11T00:00:00,320,EA,0,0,USD,
100044342,100,OUTBOUND,PS-SL-H310,LT-1,NYDOT - New Rochelle,,2021-06-15T00:00:00,2021-07-07T00:00:00,2021-07-11T00:00:00,2021-07-07T00:00:00,2021-07-11T00:00:00,320,EA,1250,400000,USD,
100044342,200,OUTBOUND,PS-SL-KIT,LT-1,NYDOT - New Rochelle,,2021-06-15T00:00:00,2021-07-07T00:00:00,2021-07-11T00:00:00,2021-07-07T00:00:00,2021-07-11T00:00:00,320,EA,0,0,USD,
100044342,300,OUTBOUND,PS-SL-INFO,LT-1,NYDOT - New Rochelle,,2021-06-15T00:00:00,2021-07-07T00:00:00,2021-07-11T00:00:00,2021-07-07T00:00:00,2021-07-11T00:00:00,320,EA,0,0,USD,
100044343,100,OUTBOUND,PS-SL-A123,LT-1,CALTRAN - San Diego,,2021-06-11T00:00:00,2021-07-26T00:00:00,2021-08-03T00:00:00,2021-07-26T00:00:00,2021-08-03T00:00:00,22,EA,1250,27500,USD,
100044343,200,OUTBOUND,PS-SL-KIT,LT-1,CALTRAN - San Diego,,2021-06-11T00:00:00,2021-07-26T00:00:00,2021-08-03T00:00:00,2021-07-26T00:00:00,2021-08-03T00:00:00,22,EA,0,0,USD,
100044343,300,OUTBOUND,PS-SL-INFO,LT-1,CALTRAN - San Diego,,2021-06-11T00:00:00,2021-07-26T00:00:00,2021-08-03T00:00:00,2021-07-26T00:00:00,2021-08-03T00:00:00,22,EA,0,0,USD,
100044344,100,OUTBOUND,PS-SL-A123,LT-1,CALTRAN - San Diego,,2021-06-11T00:00:00,2021-07-28T00:00:00,2021-08-03T00:00:00,2021-07-26T00:00:00,2021-08-03T00:00:00,302,EA,1250,377500,USD,
100044344,200,OUTBOUND,PS-SL-KIT,LT-1,CALTRAN - San Diego,,2021-06-11T00:00:00,2021-07-28T00:00:00,2021-08-03T00:00:00,2021-07-26T00:00:00,2021-08-03T00:00:00,302,EA,0,0,USD,
100044344,300,OUTBOUND,PS-SL-INFO,LT-1,CALTRAN - San Diego,,2021-06-11T00:00:00,2021-07-28T00:00:00,2021-08-03T00:00:00,2021-07-26T00:00:00,2021-08-03T00:00:00,302,EA,0,0,USD,
100044345,100,OUTBOUND,PS-SL-A288,LT-1,CALTRAN - San Diego,,2021-06-11T00:00:00,2021-06-28T00:00:00,2021-07-11T00:00:00,2021-07-03T00:00:00,2021-07-11T00:00:00,22,EA,1250,27500,USD,
100044345,200,OUTBOUND,PS-SL-KIT,LT-1,CALTRAN - San Diego,,2021-06-11T00:00:00,2021-06-28T00:00:00,2021-07-11T00:00:00,2021-07-03T00:00:00,2021-07-11T00:00:00,22,EA,0,0,USD,
100044345,300,OUTBOUND,PS-SL-INFO,LT-1,CALTRAN - San Diego,,2021-06-11T00:00:00,2021-06-28T00:00:00,2021-07-11T00:00:00,2021-07-03T00:00:00,2021-07-11T00:00:00,22,EA,0,0,USD,
100044346,100,OUTBOUND,PS-SL-A288,LT-1,CALTRAN - San Diego,,2021-06-11T00:00:00,2021-07-03T00:00:00,2021-07-11T00:00:00,2021-07-03T00:00:00,2021-07-11T00:00:00,59,EA,1250,73750,USD,
100044346,200,OUTBOUND,PS-SL-KIT,LT-1,CALTRAN - San Diego,,2021-06-11T00:00:00,2021-07-03T00:00:00,2021-07-11T00:00:00,2021-07-03T00:00:00,2021-07-11T00:00:00,59,EA,0,0,USD,
100044346,300,OUTBOUND,PS-SL-INFO,LT-1,CALTRAN - San Diego,,2021-06-11T00:00:00,2021-07-03T00:00:00,2021-07-11T00:00:00,2021-07-03T00:00:00,2021-07-11T00:00:00,59,EA,0,0,USD,
100044347,100,OUTBOUND,PS-SL-F343,LT-1,CALTRAN - San Diego,,2021-06-11T00:00:00,2021-07-11T00:00:00,2021-07-19T00:00:00,2021-07-11T00:00:00,2021-07-19T00:00:00,645,EA,1250,806250,USD,
100044347,200,OUTBOUND,PS-SL-KIT,LT-1,CALTRAN - San Diego,,2021-06-11T00:00:00,2021-07-11T00:00:00,2021-07-19T00:00:00,2021-07-11T00:00:00,2021-07-19T00:00:00,645,EA,0,0,USD,
100044347,300,OUTBOUND,PS-SL-INFO,LT-1,CALTRAN - San Diego,,2021-06-11T00:00:00,2021-07-11T00:00:00,2021-07-19T00:00:00,2021-07-11T00:00:00,2021-07-19T00:00:00,645,EA,0,0,USD,
100044348,100,OUTBOUND,PS-SL-F342,LT-1,CALTRAN - San Diego,,2021-06-11T00:00:00,2021-07-11T00:00:00,2021-07-19T00:00:00,2021-07-11T00:00:00,2021-07-19T00:00:00,54,EA,1250,67500,USD,
100044348,200,OUTBOUND,PS-SL-KIT,LT-1,CALTRAN - San Diego,,2021-06-11T00:00:00,2021-07-11T00:00:00,2021-07-19T00:00:00,2021-07-11T00:00:00,2021-07-19T00:00:00,54,EA,0,0,USD,
100044348,300,OUTBOUND,PS-SL-INFO,LT-1,CALTRAN - San Diego,,2021-06-11T00:00:00,2021-07-11T00:00:00,2021-07-19T00:00:00,2021-07-11T00:00:00,2021-07-19T00:00:00,54,EA,0,0,USD,
100044349,100,OUTBOUND,PS-SL-A123,LT-1,AHTD - Bentonville,,2021-06-08T00:00:00,2021-07-20T00:00:00,2021-07-30T00:00:00,2021-07-23T00:00:00,2021-07-30T00:00:00,189,EA,1250,236250,USD,
100044349,200,OUTBOUND,PS-SL-KIT,LT-1,AHTD - Bentonville,,2021-06-08T00:00:00,2021-07-20T00:00:00,2021-07-30T00:00:00,2021-07-23T00:00:00,2021-07-30T00:00:00,189,EA,0,0,USD,
100044349,300,OUTBOUND,PS-SL-INFO,LT-1,AHTD - Bentonville,,2021-06-08T00:00:00,2021-07-20T00:00:00,2021-07-30T00:00:00,2021-07-23T00:00:00,2021-07-30T00:00:00,189,EA,0,0,USD,
100044350,100,OUTBOUND,PS-SL-A123,LT-1,AHTD - Bentonville,,2021-06-08T00:00:00,2021-07-23T00:00:00,2021-07-30T00:00:00,2021-07-23T00:00:00,2021-07-30T00:00:00,20,EA,1250,25000,USD,
100044350,200,OUTBOUND,PS-SL-KIT,LT-1,AHTD - Bentonville,,2021-06-08T00:00:00,2021-07-23T00:00:00,2021-07-30T00:00:00,2021-07-23T00:00:00,2021-07-30T00:00:00,20,EA,0,0,USD,
100044350,300,OUTBOUND,PS-SL-INFO,LT-1,AHTD - Bentonville,,2021-06-08T00:00:00,2021-07-23T00:00:00,2021-07-30T00:00:00,2021-07-23T00:00:00,2021-07-30T00:00:00,20,EA,0,0,USD,
100044351,100,OUTBOUND,PS-SL-F343,LT-1,AHTD - Bentonville,,2021-06-08T00:00:00,2021-07-08T00:00:00,2021-07-15T00:00:00,2021-07-08T00:00:00,2021-07-15T00:00:00,68,EA,1250,85000,USD,
100044351,200,OUTBOUND,PS-SL-KIT,LT-1,AHTD - Bentonville,,2021-06-08T00:00:00,2021-07-08T00:00:00,2021-07-15T00:00:00,2021-07-08T00:00:00,2021-07-15T00:00:00,68,EA,0,0,USD,
100044351,300,OUTBOUND,PS-SL-INFO,LT-1,AHTD - Bentonville,,2021-06-08T00:00:00,2021-07-08T00:00:00,2021-07-15T00:00:00,2021-07-08T00:00:00,2021-07-15T00:00:00,68,EA,0,0,USD,
100044352,100,OUTBOUND,PS-SL-F342,LT-1,AHTD - Bentonville,,2021-06-08T00:00:00,2021-07-08T00:00:00,2021-07-15T00:00:00,2021-07-08T00:00:00,2021-07-15T00:00:00,74,EA,1250,92500,USD,
100044352,200,OUTBOUND,PS-SL-KIT,LT-1,AHTD - Bentonville,,2021-06-08T00:00:00,2021-07-08T00:00:00,2021-07-15T00:00:00,2021-07-08T00:00:00,2021-07-15T00:00:00,74,EA,0,0,USD,
100044352,300,OUTBOUND,PS-SL-INFO,LT-1,AHTD - Bentonville,,2021-06-08T00:00:00,2021-07-08T00:00:00,2021-07-15T00:00:00,2021-07-08T00:00:00,2021-07-15T00:00:00,74,EA,0,0,USD,
100044353,100,OUTBOUND,PS-SL-A123,LT-1,AHTD - Bentonville,,2021-06-08T00:00:00,2021-07-13T00:00:00,2021-07-30T00:00:00,2021-07-23T00:00:00,2021-07-30T00:00:00,212,EA,1250,265000,USD,
100044353,200,OUTBOUND,PS-SL-KIT,LT-1,AHTD - Bentonville,,2021-06-08T00:00:00,2021-07-13T00:00:00,2021-07-30T00:00:00,2021-07-23T00:00:00,2021-07-30T00:00:00,212,EA,0,0,USD,
100044353,300,OUTBOUND,PS-SL-INFO,LT-1,AHTD - Bentonville,,2021-06-08T00:00:00,2021-07-13T00:00:00,2021-07-30T00:00:00,2021-07-23T00:00:00,2021-07-30T00:00:00,212,EA,0,0,USD,
100044354,100,OUTBOUND,PS-SL-A288,LT-1,AHTD - Bentonville,,2021-06-08T00:00:00,2021-06-30T00:00:00,2021-07-07T00:00:00,2021-06-30T00:00:00,2021-07-07T00:00:00,208,EA,1250,260000,USD,
100044354,200,OUTBOUND,PS-SL-KIT,LT-1,AHTD - Bentonville,,2021-06-08T00:00:00,2021-06-30T00:00:00,2021-07-07T00:00:00,2021-06-30T00:00:00,2021-07-07T00:00:00,208,EA,0,0,USD,
100044354,300,OUTBOUND,PS-SL-INFO,LT-1,AHTD - Bentonville,,2021-06-08T00:00:00,2021-06-30T00:00:00,2021-07-07T00:00:00,2021-06-30T00:00:00,2021-07-07T00:00:00,208,EA,0,0,USD,
100044355,100,OUTBOUND,PS-SL-A287,LT-1,AHTD - Bentonville,,2021-06-08T00:00:00,2021-06-30T00:00:00,2021-07-07T00:00:00,2021-06-30T00:00:00,2021-07-07T00:00:00,400,EA,1250,500000,USD,
100044355,200,OUTBOUND,PS-SL-KIT,LT-1,AHTD - Bentonville,,2021-06-08T00:00:00,2021-06-30T00:00:00,2021-07-07T00:00:00,2021-06-30T00:00:00,2021-07-07T00:00:00,400,EA,0,0,USD,
100044355,300,OUTBOUND,PS-SL-INFO,LT-1,AHTD - Bentonville,,2021-06-08T00:00:00,2021-06-30T00:00:00,2021-07-07T00:00:00,2021-06-30T00:00:00,2021-07-07T00:00:00,400,EA,0,0,USD,
100055000,100,OUTBOUND,CO-CO-M328,LT-2,CALTRAN - San Diego,,2021-07-20T00:00:00,2021-08-11T00:00:00,2021-08-14T00:00:00,2021-08-11T00:00:00,2021-08-14T00:00:00,92,EA,125,11500,USD,
100055000,200,OUTBOUND,CO-DL-T316,LT-2,CALTRAN - San Diego,,2021-07-20T00:00:00,2021-08-11T00:00:00,2021-08-14T00:00:00,2021-08-11T00:00:00,2021-08-14T00:00:00,88,EA,55,4840,USD,
100055000,300,OUTBOUND,CO-DL-A239,LT-2,CALTRAN - San Diego,,2021-07-20T00:00:00,2021-08-11T00:00:00,2021-08-14T00:00:00,2021-08-11T00:00:00,2021-08-14T00:00:00,78,EA,48,3744,USD,
100055001,100,OUTBOUND,CO-AM-S185,LT-2,AHTD - Bentonville,,2021-07-11T00:00:00,2021-08-10T00:00:00,2021-08-18T00:00:00,2021-08-10T00:00:00,2021-08-18T00:00:00,57,EA,289,16473,USD,
100055001,200,OUTBOUND,CO-AM-S393,LT-2,AHTD - Bentonville,,2021-07-11T00:00:00,2021-08-10T00:00:00,2021-08-18T00:00:00,2021-08-10T00:00:00,2021-08-18T00:00:00,96,EA,183,17568,USD,
100055001,300,OUTBOUND,CO-AM-S185,LT-2,AHTD - Bentonville,,2021-07-11T00:00:00,2021-08-10T00:00:00,2021-08-18T00:00:00,2021-08-10T00:00:00,2021-08-18T00:00:00,88,EA,289,25432,USD,
100055002,100,OUTBOUND,CO-AM-S393,LT-2,CALTRAN - San Diego,,2021-07-07T00:00:00,2021-08-06T00:00:00,2021-08-12T00:00:00,2021-08-06T00:00:00,2021-08-12T00:00:00,96,EA,183,17568,USD,
100055002,200,OUTBOUND,CO-CO-M328,LT-2,CALTRAN - San Diego,,2021-07-07T00:00:00,2021-08-06T00:00:00,2021-08-12T00:00:00,2021-08-06T00:00:00,2021-08-12T00:00:00,68,EA,125,8500,USD,
100055002,300,OUTBOUND,CO-DL-T316,LT-2,CALTRAN - San Diego,,2021-07-07T00:00:00,2021-08-06T00:00:00,2021-08-12T00:00:00,2021-08-06T00:00:00,2021-08-12T00:00:00,55,EA,55,3025,USD,
100055003,100,OUTBOUND,CO-DL-A239,LT-2,AHTD - Bentonville,,2021-07-20T00:00:00,2021-08-11T00:00:00,2021-08-14T00:00:00,2021-08-11T00:00:00,2021-08-14T00:00:00,76,EA,48,3648,USD,
100055003,200,OUTBOUND,CO-AM-S185,LT-2,AHTD - Bentonville,,2021-07-20T00:00:00,2021-08-11T00:00:00,2021-08-14T00:00:00,2021-08-11T00:00:00,2021-08-14T00:00:00,92,EA,289,26588,USD,
100055003,300,OUTBOUND,CO-AM-S393,LT-2,AHTD - Bentonville,,2021-07-20T00:00:00,2021-08-11T00:00:00,2021-08-14T00:00:00,2021-08-11T00:00:00,2021-08-14T00:00:00,94,EA,183,17202,USD,
100055004,100,OUTBOUND,CO-AM-S185,LT-2,QPWD - Ville de Québec,,2021-07-11T00:00:00,2021-08-10T00:00:00,2021-08-18T00:00:00,,,79,EA,289,22831,USD,
100055004,200,OUTBOUND,CO-AM-S393,LT-2,QPWD - Ville de Québec,,2021-07-11T00:00:00,2021-08-10T00:00:00,2021-08-18T00:00:00,,,84,EA,183,15372,USD,
100055004,300,OUTBOUND,CO-CO-M328,LT-2,QPWD - Ville de Québec,,2021-07-11T00:00:00,2021-08-10T00:00:00,2021-08-18T00:00:00,,,54,EA,125,6750,USD,
100055005,100,OUTBOUND,CO-DL-T316,LT-2,CALTRAN - San Diego,,2021-07-07T00:00:00,2021-08-06T00:00:00,2021-08-12T00:00:00,2021-08-06T00:00:00,2021-08-12T00:00:00,95,EA,55,5225,USD,
100055005,200,OUTBOUND,CO-DL-A239,LT-2,CALTRAN - San Diego,,2021-07-07T00:00:00,2021-08-06T00:00:00,2021-08-12T00:00:00,2021-08-06T00:00:00,2021-08-12T00:00:00,94,EA,48,4512,USD,
100055005,300,OUTBOUND,CO-DL-A230,LT-2,CALTRAN - San Diego,,2021-07-07T00:00:00,2021-08-06T00:00:00,2021-08-12T00:00:00,2021-08-06T00:00:00,2021-08-12T00:00:00,98,EA,51,4998,USD,
100055006,100,OUTBOUND,CO-RD-I380,LT-2,COLA - Los Alamos,,2021-07-20T00:00:00,2021-08-11T00:00:00,2021-08-14T00:00:00,2021-08-11T00:00:00,2021-08-14T00:00:00,61,EA,78,4758,USD,
100055006,200,OUTBOUND,CO-RD-S282,LT-2,COLA - Los Alamos,,2021-07-20T00:00:00,2021-08-11T00:00:00,2021-08-14T00:00:00,2021-08-11T00:00:00,2021-08-14T00:00:00,53,EA,88,4664,USD,
100055006,300,OUTBOUND,CO-RD-R296,LT-2,COLA - Los Alamos,,2021-07-20T00:00:00,2021-08-11T00:00:00,2021-08-14T00:00:00,2021-08-11T00:00:00,2021-08-14T00:00:00,98,EA,93,9114,USD,
100055007,100,OUTBOUND,CO-AM-S393,LT-2,CALTRAN - San Diego,,2021-07-11T00:00:00,2021-08-10T00:00:00,2021-08-18T00:00:00,2021-08-10T00:00:00,2021-08-18T00:00:00,88,EA,183,16104,USD,
100055007,200,OUTBOUND,CO-AM-S185,LT-2,CALTRAN - San Diego,,2021-07-11T00:00:00,2021-08-10T00:00:00,2021-08-18T00:00:00,2021-08-10T00:00:00,2021-08-18T00:00:00,64,EA,289,18496,USD,
100055007,300,OUTBOUND,CO-AM-S393,LT-2,CALTRAN - San Diego,,2021-07-11T00:00:00,2021-08-10T00:00:00,2021-08-18T00:00:00,2021-08-10T00:00:00,2021-08-18T00:00:00,80,EA,183,14640,USD,
100055008,100,OUTBOUND,CO-CO-M328,LT-2,COLA - Los Alamos,,2021-07-07T00:00:00,2021-08-06T00:00:00,2021-08-12T00:00:00,2021-08-06T00:00:00,2021-08-12T00:00:00,81,EA,125,10125,USD,
100055008,200,OUTBOUND,CO-DL-T316,LT-2,COLA - Los Alamos,,2021-07-07T00:00:00,2021-08-06T00:00:00,2021-08-12T00:00:00,2021-08-06T00:00:00,2021-08-12T00:00:00,99,EA,55,5445,USD,
100055008,300,OUTBOUND,CO-DL-A239,LT-2,COLA - Los Alamos,,2021-07-07T00:00:00,2021-08-06T00:00:00,2021-08-12T00:00:00,2021-08-06T00:00:00,2021-08-12T00:00:00,77,EA,48,3696,USD,
100055009,100,OUTBOUND,CO-AM-S185,LT-2,CALTRAN - San Diego,,2021-07-07T00:00:00,2021-08-06T00:00:00,2021-08-12T00:00:00,2021-08-06T00:00:00,2021-08-12T00:00:00,78,EA,289,22542,USD,
100055009,200,OUTBOUND,CO-AM-S393,LT-2,CALTRAN - San Diego,,2021-07-07T00:00:00,2021-08-06T00:00:00,2021-08-12T00:00:00,2021-08-06T00:00:00,2021-08-12T00:00:00,93,EA,183,17019,USD,
100055009,300,OUTBOUND,CO-AM-S185,LT-2,CALTRAN - San Diego,,2021-07-07T00:00:00,2021-08-06T00:00:00,2021-08-12T00:00:00,2021-08-06T00:00:00,2021-08-12T00:00:00,80,EA,289,23120,USD,
100055010,100,OUTBOUND,CO-AM-S393,LT-2,FAA - Washington,,2021-07-20T00:00:00,2021-08-11T00:00:00,2021-08-14T00:00:00,2021-08-11T00:00:00,2021-08-14T00:00:00,59,EA,183,10797,USD,
100055010,200,OUTBOUND,CO-CO-M328,LT-2,FAA - Washington,,2021-07-20T00:00:00,2021-08-11T00:00:00,2021-08-14T00:00:00,2021-08-11T00:00:00,2021-08-14T00:00:00,91,EA,125,11375,USD,
100055010,300,OUTBOUND,CO-DL-T316,LT-2,FAA - Washington,,2021-07-20T00:00:00,2021-08-11T00:00:00,2021-08-14T00:00:00,2021-08-11T00:00:00,2021-08-14T00:00:00,63,EA,55,3465,USD,
100055010,400,OUTBOUND,CO-CO-M328,LT-2,FAA - Washington,,2021-07-20T00:00:00,2021-08-11T00:00:00,2021-08-14T00:00:00,2021-08-11T00:00:00,2021-08-14T00:00:00,76,EA,125,9500,USD,
100055011,100,OUTBOUND,CO-DL-T316,LT-2,QPWD - Ville de Québec,,2021-07-11T00:00:00,2021-08-10T00:00:00,2021-08-18T00:00:00,2021-08-10T00:00:00,2021-08-18T00:00:00,61,EA,55,3355,USD,
100055011,200,OUTBOUND,CO-DL-A239,LT-2,QPWD - Ville de Québec,,2021-07-11T00:00:00,2021-08-10T00:00:00,2021-08-18T00:00:00,2021-08-10T00:00:00,2021-08-18T00:00:00,75,EA,48,3600,USD,
100055011,300,OUTBOUND,CO-AM-S185,LT-2,QPWD - Ville de Québec,,2021-07-11T00:00:00,2021-08-10T00:00:00,2021-08-18T00:00:00,2021-08-10T00:00:00,2021-08-18T00:00:00,56,EA,289,16184,USD,
100055011,400,OUTBOUND,CO-DL-T316,LT-2,QPWD - Ville de Québec,,2021-07-11T00:00:00,2021-08-10T00:00:00,2021-08-18T00:00:00,2021-08-10T00:00:00,2021-08-18T00:00:00,76,EA,55,4180,USD,
1000066000,100,INBOUND,CO-AM-S185,Total Source - Waukesha,LT-2,,2021-07-01T00:00:00,2021-08-04T00:00:00,2021-08-07T00:00:00,2021-08-04T00:00:00,2021-08-07T00:00:00,350,EA,289,101150,USD,
1000066000,200,INBOUND,CO-AM-S393,Total Source - Waukesha,LT-2,,2021-07-01T00:00:00,2021-08-04T00:00:00,2021-08-07T00:00:00,2021-08-04T00:00:00,2021-08-07T00:00:00,350,EA,183,64050,USD,
1000066000,300,INBOUND,CO-CO-M328,Total Source - Waukesha,LT-2,,2021-07-01T00:00:00,2021-08-04T00:00:00,2021-08-07T00:00:00,2021-08-04T00:00:00,2021-08-07T00:00:00,350,EA,125,43750,USD,
1000066000,400,INBOUND,CO-DL-A230,Total Source - Waukesha,LT-2,,2021-07-01T00:00:00,2021-08-04T00:00:00,2021-08-07T00:00:00,2021-08-04T00:00:00,2021-08-07T00:00:00,350,EA,51,17850,USD,
1000066001,100,INBOUND,CO-AM-S185,Total Source - Waukesha,LT-2,,2021-07-01T00:00:00,2021-08-14T00:00:00,2021-08-17T00:00:00,2021-08-16T00:00:00,2021-08-19T00:00:00,350,EA,289,101150,USD,
1000066001,200,INBOUND,CO-AM-S393,Total Source - Waukesha,LT-2,,2021-07-01T00:00:00,2021-08-14T00:00:00,2021-08-17T00:00:00,2021-08-14T00:00:00,2021-08-17T00:00:00,350,EA,183,64050,USD,
1000066001,300,INBOUND,CO-CO-M328,Total Source - Waukesha,LT-2,,2021-07-01T00:00:00,2021-08-14T00:00:00,2021-08-17T00:00:00,2021-08-14T00:00:00,2021-08-17T00:00:00,350,EA,125,43750,USD,
1000066001,400,INBOUND,CO-DL-A230,Total Source - Waukesha,LT-2,,2021-07-01T00:00:00,2021-08-14T00:00:00,2021-08-17T00:00:00,2021-08-14T00:00:00,2021-08-17T00:00:00,350,EA,51,17850,USD,
1000066002,100,INBOUND,CO-AM-S185,Total Source - Waukesha,LT-2,,2021-07-01T00:00:00,2021-08-24T00:00:00,2021-08-27T00:00:00,2021-08-24T00:00:00,2021-08-27T00:00:00,350,EA,289,101150,USD,
1000066002,200,INBOUND,CO-AM-S393,Total Source - Waukesha,LT-2,,2021-07-01T00:00:00,2021-08-24T00:00:00,2021-08-27T00:00:00,2021-08-24T00:00:00,2021-08-27T00:00:00,350,EA,183,64050,USD,
1000066002,300,INBOUND,CO-CO-M328,Total Source - Waukesha,LT-2,,2021-07-01T00:00:00,2021-08-24T00:00:00,2021-08-27T00:00:00,2021-08-24T00:00:00,2021-08-27T00:00:00,350,EA,125,43750,USD,
1000066002,400,INBOUND,CO-DL-A230,Total Source - Waukesha,LT-2,,2021-07-01T00:00:00,2021-08-24T00:00:00,2021-08-27T00:00:00,2021-08-24T00:00:00,2021-08-27T00:00:00,350,EA,51,17850,USD,
1000066003,100,INBOUND,CO-AM-S185,Total Source - Waukesha,LT-2,,2021-07-01T00:00:00,2021-09-03T00:00:00,2021-09-06T00:00:00,2021-09-03T00:00:00,2021-09-06T00:00:00,350,EA,289,101150,USD,
1000066003,200,INBOUND,CO-AM-S393,Total Source - Waukesha,LT-2,,2021-07-01T00:00:00,2021-09-03T00:00:00,2021-09-06T00:00:00,2021-09-03T00:00:00,2021-09-06T00:00:00,350,EA,183,64050,USD,
1000066003,300,INBOUND,CO-CO-M328,Total Source - Waukesha,LT-2,,2021-07-01T00:00:00,2021-09-03T00:00:00,2021-09-06T00:00:00,2021-09-03T00:00:00,2021-09-06T00:00:00,350,EA,125,43750,USD,
1000066003,400,INBOUND,CO-DL-A230,Total Source - Waukesha,LT-2,,2021-07-01T00:00:00,2021-09-03T00:00:00,2021-09-06T00:00:00,2021-09-03T00:00:00,2021-09-06T00:00:00,350,EA,51,17850,USD,
1000066004,100,INBOUND,CO-AM-S185,Total Source - Waukesha,LT-2,,2021-07-01T00:00:00,2021-09-13T00:00:00,2021-09-16T00:00:00,2021-09-09T00:00:00,2021-09-12T00:00:00,350,EA,289,101150,USD,
1000066004,200,INBOUND,CO-AM-S393,Total Source - Waukesha,LT-2,,2021-07-01T00:00:00,2021-09-13T00:00:00,2021-09-16T00:00:00,2021-09-09T00:00:00,2021-09-12T00:00:00,350,EA,183,64050,USD,
1000066004,300,INBOUND,CO-CO-M328,Total Source - Waukesha,LT-2,,2021-07-01T00:00:00,2021-09-13T00:00:00,2021-09-16T00:00:00,2021-09-13T00:00:00,2021-09-16T00:00:00,350,EA,125,43750,USD,
1000066004,400,INBOUND,CO-DL-A230,Total Source - Waukesha,LT-2,,2021-07-01T00:00:00,2021-09-13T00:00:00,2021-09-16T00:00:00,2021-09-13T00:00:00,2021-09-16T00:00:00,350,EA,51,17850,USD,
1000066005,100,INBOUND,CO-AM-S185,Total Source - Waukesha,LT-2,,2021-07-01T00:00:00,2021-09-23T00:00:00,2021-09-26T00:00:00,2021-09-23T00:00:00,2021-09-26T00:00:00,350,EA,289,101150,USD,
1000066005,200,INBOUND,CO-AM-S393,Total Source - Waukesha,LT-2,,2021-07-01T00:00:00,2021-09-23T00:00:00,2021-09-26T00:00:00,2021-09-23T00:00:00,2021-09-26T00:00:00,350,EA,183,64050,USD,
1000066005,300,INBOUND,CO-CO-M328,Total Source - Waukesha,LT-2,,2021-07-01T00:00:00,2021-09-23T00:00:00,2021-09-26T00:00:00,2021-09-23T00:00:00,2021-09-26T00:00:00,350,EA,125,43750,USD,
1000066005,400,INBOUND,CO-DL-A230,Total Source - Waukesha,LT-2,,2021-07-01T00:00:00,2021-09-23T00:00:00,2021-09-26T00:00:00,2021-09-23T00:00:00,2021-09-26T00:00:00,350,EA,51,17850,USD,
1000066006,100,INBOUND,CO-DL-T316,F & M - Columbus,LT-2,,2021-07-01T00:00:00,2021-08-04T00:00:00,2021-08-07T00:00:00,2021-08-04T00:00:00,2021-08-07T00:00:00,350,EA,55,19250,USD,
1000066006,200,INBOUND,CO-RD-I380,F & M - Columbus,LT-2,,2021-07-01T00:00:00,2021-08-04T00:00:00,2021-08-07T00:00:00,2021-08-04T00:00:00,2021-08-07T00:00:00,350,EA,78,27300,USD,
1000066006,300,INBOUND,CO-RD-R296,F & M - Columbus,LT-2,,2021-07-01T00:00:00,2021-08-04T00:00:00,2021-08-07T00:00:00,2021-08-04T00:00:00,2021-08-07T00:00:00,350,EA,93,32550,USD,
1000066006,400,INBOUND,CO-RD-S282,F & M - Columbus,LT-2,,2021-07-01T00:00:00,2021-08-04T00:00:00,2021-08-07T00:00:00,2021-08-04T00:00:00,2021-08-07T00:00:00,350,EA,88,30800,USD,
1000066007,100,INBOUND,CO-DL-T316,F & M - Columbus,LT-2,,2021-07-01T00:00:00,2021-08-14T00:00:00,2021-08-17T00:00:00,2021-08-14T00:00:00,2021-08-17T00:00:00,350,EA,55,19250,USD,
1000066007,200,INBOUND,CO-RD-I380,F & M - Columbus,LT-2,,2021-07-01T00:00:00,2021-08-14T00:00:00,2021-08-17T00:00:00,2021-08-14T00:00:00,2021-08-17T00:00:00,350,EA,78,27300,USD,
1000066007,300,INBOUND,CO-RD-R296,F & M - Columbus,LT-2,,2021-07-01T00:00:00,2021-08-14T00:00:00,2021-08-17T00:00:00,2021-08-14T00:00:00,2021-08-17T00:00:00,350,EA,93,32550,USD,
1000066007,400,INBOUND,CO-RD-S282,F & M - Columbus,LT-2,,2021-07-01T00:00:00,2021-08-14T00:00:00,2021-08-17T00:00:00,2021-08-14T00:00:00,2021-08-17T00:00:00,350,EA,88,30800,USD,
1000066008,100,INBOUND,CO-DL-T316,F & M - Columbus,LT-2,,2021-07-01T00:00:00,2021-08-24T00:00:00,2021-08-27T00:00:00,2021-08-24T00:00:00,2021-08-27T00:00:00,350,EA,55,19250,USD,
1000066008,200,INBOUND,CO-RD-I380,F & M - Columbus,LT-2,,2021-07-01T00:00:00,2021-08-24T00:00:00,2021-08-27T00:00:00,2021-08-24T00:00:00,2021-08-27T00:00:00,350,EA,78,27300,USD,
1000066008,300,INBOUND,CO-RD-R296,F & M - Columbus,LT-2,,2021-07-01T00:00:00,2021-08-24T00:00:00,2021-08-27T00:00:00,2021-08-24T00:00:00,2021-08-27T00:00:00,350,EA,93,32550,USD,
1000066008,400,INBOUND,CO-RD-S282,F & M - Columbus,LT-2,,2021-07-01T00:00:00,2021-08-24T00:00:00,2021-08-27T00:00:00,2021-08-24T00:00:00,2021-08-27T00:00:00,350,EA,88,30800,USD,
1000066009,100,INBOUND,CO-DL-T316,F & M - Columbus,LT-2,,2021-07-01T00:00:00,2021-09-03T00:00:00,2021-09-06T00:00:00,2021-09-04T00:00:00,2021-09-07T00:00:00,350,EA,55,19250,USD,
1000066009,200,INBOUND,CO-RD-I380,F & M - Columbus,LT-2,,2021-07-01T00:00:00,2021-09-03T00:00:00,2021-09-06T00:00:00,2021-09-04T00:00:00,2021-09-07T00:00:00,350,EA,78,27300,USD,
1000066009,300,INBOUND,CO-RD-R296,F & M - Columbus,LT-2,,2021-07-01T00:00:00,2021-09-03T00:00:00,2021-09-06T00:00:00,2021-09-04T00:00:00,2021-09-07T00:00:00,350,EA,93,32550,USD,
1000066009,400,INBOUND,CO-RD-S282,F & M - Columbus,LT-2,,2021-07-01T00:00:00,2021-09-03T00:00:00,2021-09-06T00:00:00,2021-09-04T00:00:00,2021-09-07T00:00:00,350,EA,88,30800,USD,
1000066010,100,INBOUND,CO-DL-T316,F & M - Columbus,LT-2,,2021-07-01T00:00:00,2021-09-13T00:00:00,2021-09-16T00:00:00,2021-09-13T00:00:00,2021-09-16T00:00:00,350,EA,55,19250,USD,
1000066010,200,INBOUND,CO-RD-I380,F & M - Columbus,LT-2,,2021-07-01T00:00:00,2021-09-13T00:00:00,2021-09-16T00:00:00,2021-09-13T00:00:00,2021-09-16T00:00:00,350,EA,78,27300,USD,
1000066010,300,INBOUND,CO-RD-R296,F & M - Columbus,LT-2,,2021-07-01T00:00:00,2021-09-13T00:00:00,2021-09-16T00:00:00,2021-09-13T00:00:00,2021-09-16T00:00:00,350,EA,93,32550,USD,
1000066010,400,INBOUND,CO-RD-S282,F & M - Columbus,LT-2,,2021-07-01T00:00:00,2021-09-13T00:00:00,2021-09-16T00:00:00,2021-09-13T00:00:00,2021-09-16T00:00:00,350,EA,88,30800,USD,
1000066011,100,INBOUND,CO-DL-T316,F & M - Columbus,LT-2,,2021-07-01T00:00:00,2021-09-23T00:00:00,2021-09-26T00:00:00,2021-09-23T00:00:00,2021-09-26T00:00:00,350,EA,55,19250,USD,
1000066011,200,INBOUND,CO-RD-I380,F & M - Columbus,LT-2,,2021-07-01T00:00:00,2021-09-23T00:00:00,2021-09-26T00:00:00,2021-09-23T00:00:00,2021-09-26T00:00:00,350,EA,78,27300,USD,
1000066011,300,INBOUND,CO-RD-R296,F & M - Columbus,LT-2,,2021-07-01T00:00:00,2021-09-23T00:00:00,2021-09-26T00:00:00,2021-09-23T00:00:00,2021-09-26T00:00:00,350,EA,93,32550,USD,
1000066011,400,INBOUND,CO-RD-S282,F & M - Columbus,LT-2,,2021-07-01T00:00:00,2021-09-23T00:00:00,2021-09-26T00:00:00,2021-09-23T00:00:00,2021-09-26T00:00:00,350,EA,88,30800,USD,
1000567200,100,INBOUND,9665306,Interalloy - Bozeman,LT-2,,2021-06-16T00:00:00,2021-06-23T00:00:00,2021-06-27T00:00:00,2021-06-23T00:00:00,2021-06-27T00:00:00,320,EA,3,960,USD,
1000567204,100,INBOUND,23000362,Alumi-lux - Nashua,LT-2,,2021-06-16T00:00:00,2021-06-27T00:00:00,2021-06-27T00:00:00,2021-06-23T00:00:00,2021-06-27T00:00:00,124,EA,455,56420,USD,
1000567205,100,INBOUND,23000362,Alumi-lux - Nashua,LT-2,,2021-06-16T00:00:00,2021-06-27T00:00:00,2021-06-27T00:00:00,2021-06-23T00:00:00,2021-06-27T00:00:00,320,EA,455,145600,USD,
1000567207,100,INBOUND,7900014,EM - Hemphill,LT-2,,2021-06-16T00:00:00,2021-06-27T00:00:00,2021-06-27T00:00:00,2021-06-23T00:00:00,2021-06-27T00:00:00,124,EA,19,2356,USD,
1000567209,100,INBOUND,7900012,Interalloy - Bozeman,LT-2,,2021-06-16T00:00:00,2021-06-27T00:00:00,2021-06-27T00:00:00,2021-06-23T00:00:00,2021-06-27T00:00:00,320,EA,5,1600,USD,
1000567210,100,INBOUND,7903986,McGrey - Mt Sterling,LT-2,,2021-06-16T00:00:00,2021-06-27T00:00:00,2021-06-27T00:00:00,2021-06-23T00:00:00,2021-06-27T00:00:00,320,EA,990,316800,USD,
1000567212,100,INBOUND,83008200,Flexilux - Worcester,LT-1,,2021-07-08T00:00:00,2021-07-19T00:00:00,2021-07-19T00:00:00,2021-07-15T00:00:00,2021-07-19T00:00:00,34,EA,2398,81532,USD,
1000567212,200,INBOUND,83008200,Flexilux - Worcester,LT-1,,2021-07-08T00:00:00,2021-07-19T00:00:00,2021-07-19T00:00:00,2021-07-17T00:00:00,2021-07-19T00:00:00,22,EA,2398,52756,USD,
1000567213,100,INBOUND,9665306,Interalloy - Bozeman,LT-1,,2021-07-08T00:00:00,2021-07-19T00:00:00,2021-07-19T00:00:00,2021-07-15T00:00:00,2021-07-19T00:00:00,56,EA,3,168,USD,
1000567215,100,INBOUND,23000362,Alumi-lux - Nashua,LT-1,,2021-07-15T00:00:00,2021-07-26T00:00:00,2021-07-26T00:00:00,2021-07-26T00:00:00,,44,EA,455,20020,USD,
1000567217,100,INBOUND,7900014,EM - Hemphill,LT-1,,2021-07-15T00:00:00,2021-07-26T00:00:00,2021-07-26T00:00:00,2021-07-24T00:00:00,,44,EA,19,836,USD,
1000567218,100,INBOUND,2510188,Mueller - Pittsburgh,LT-2,,2021-06-16T00:00:00,2021-06-27T00:00:00,2021-06-27T00:00:00,2021-06-23T00:00:00,2021-06-27T00:00:00,124,EA,412,51088,USD,
1000567227,100,INBOUND,9665306,Interalloy - Bozeman,LT-2,,2021-06-16T00:00:00,2021-06-27T00:00:00,2021-06-27T00:00:00,2021-06-23T00:00:00,2021-06-27T00:00:00,320,EA,3,960,USD,
1000567228,100,INBOUND,86000124,Amos - Philadelphia,LT-2,,2021-06-16T00:00:00,2021-06-27T00:00:00,2021-06-27T00:00:00,2021-06-23T00:00:00,2021-06-27T00:00:00,320,EA,55,17600,USD,
1000567229,100,INBOUND,81603030,Thermal - Cincinnati,LT-1,,2021-06-16T00:00:00,2021-06-27T00:00:00,2021-06-27T00:00:00,2021-06-23T00:00:00,2021-06-27T00:00:00,124,EA,55,6820,USD,
1000567230,100,INBOUND,29000469,SilverOptics - Dover,LT-2,,2021-06-16T00:00:00,2021-06-27T00:00:00,2021-06-27T00:00:00,2021-06-24T00:00:00,2021-06-28T00:00:00,124,EA,108,13392,USD,
1000567231,100,INBOUND,39000224,LightLens - Ipswich ,LT-2,,2021-06-16T00:00:00,2021-06-27T00:00:00,2021-06-27T00:00:00,2021-06-23T00:00:00,2021-06-27T00:00:00,320,EA,203,64960,USD,
1000567232,100,INBOUND,81028220,Gemini - Dallas,LT-2,,2021-06-16T00:00:00,2021-06-27T00:00:00,2021-06-27T00:00:00,2021-06-23T00:00:00,2021-06-27T00:00:00,124,EA,122,15128,USD,
1000567234,100,INBOUND,86000123,Amos - Philadelphia,LT-1,,2021-07-15T00:00:00,2021-07-26T00:00:00,2021-07-26T00:00:00,2021-07-22T00:00:00,,44,EA,55,2420,USD,
1000567238,100,INBOUND,7900015,Interalloy - Bozeman,LT-2,,2021-06-16T00:00:00,2021-06-27T00:00:00,2021-06-27T00:00:00,2021-06-30T00:00:00,2021-07-04T00:00:00,124,EA,3,372,USD,
1000567240,100,INBOUND,7900012,Interalloy - Bozeman,LT-1,,2021-07-15T00:00:00,2021-07-26T00:00:00,2021-07-26T00:00:00,2021-07-24T00:00:00,,18,EA,5,90,USD,
1000567240,200,INBOUND,7900012,Interalloy - Bozeman,LT-1,,2021-07-15T00:00:00,2021-07-26T00:00:00,2021-07-26T00:00:00,2021-07-26T00:00:00,,26,EA,5,130,USD,
1000567241,100,INBOUND,86000121,Amos - Philadelphia,LT-1,,2021-07-08T00:00:00,2021-07-19T00:00:00,2021-07-19T00:00:00,2021-07-15T00:00:00,2021-07-19T00:00:00,56,EA,55,3080,USD,
1000567242,100,INBOUND,9665303,Luminar - Palm Beach Gardens,LT-2,,2021-06-16T00:00:00,2021-06-27T00:00:00,2021-06-27T00:00:00,2021-06-23T00:00:00,2021-06-27T00:00:00,124,EA,950,117800,USD,
1000567244,100,INBOUND,7900014,EM - Hemphill,LT-1,,2021-07-08T00:00:00,2021-07-19T00:00:00,2021-07-19T00:00:00,2021-07-15T00:00:00,2021-07-19T00:00:00,56,EA,19,1064,USD,
1000567248,100,INBOUND,82500380,SA - Loretto,LT-1,,2021-06-16T00:00:00,2021-06-27T00:00:00,2021-06-27T00:00:00,2021-06-23T00:00:00,2021-06-27T00:00:00,512,EA,350,179200,USD,
1000567251,100,INBOUND,29000469,SilverOptics - Dover,LT-1,,2021-07-15T00:00:00,2021-07-26T00:00:00,2021-07-26T00:00:00,,,44,EA,108,4752,USD,
1000567254,100,INBOUND,83600300,Brewers - Phoenix,LT-1,,2021-06-16T00:00:00,2021-06-27T00:00:00,2021-06-27T00:00:00,2021-06-23T00:00:00,2021-06-27T00:00:00,512,EA,1456,745472,USD,
1000567255,100,INBOUND,7900128,Ripley - Trenton,LT-1,,2021-07-08T00:00:00,2021-07-19T00:00:00,2021-07-19T00:00:00,2021-07-15T00:00:00,2021-07-19T00:00:00,56,EA,320,17920,USD,
1000567256,100,INBOUND,83008400,Flexilux - Worcester,LT-2,,2021-06-16T00:00:00,2021-06-27T00:00:00,2021-06-27T00:00:00,2021-06-23T00:00:00,2021-06-27T00:00:00,320,EA,5530,1769600,USD,
1000567257,100,INBOUND,83008300,Flexilux - Worcester,LT-2,,2021-06-16T00:00:00,2021-06-27T00:00:00,2021-06-27T00:00:00,2021-06-23T00:00:00,2021-06-27T00:00:00,124,EA,4592,569408,USD,
1000567259,100,INBOUND,8210677,RLP - Troy,LT-2,,2021-06-16T00:00:00,2021-06-27T00:00:00,2021-06-27T00:00:00,2021-06-23T00:00:00,2021-06-27T00:00:00,320,EA,189,60480,USD,
1000567261,100,INBOUND,23000362,Alumi-lux - Nashua,LT-2,,2021-06-16T00:00:00,2021-06-27T00:00:00,2021-06-27T00:00:00,2021-06-23T00:00:00,2021-06-27T00:00:00,320,EA,455,145600,USD,
1000567262,100,INBOUND,7900012,Interalloy - Bozeman,LT-1,,2021-06-16T00:00:00,2021-06-27T00:00:00,2021-06-27T00:00:00,2021-06-23T00:00:00,2021-06-27T00:00:00,512,EA,5,2560,USD,
1000567264,100,INBOUND,82500380,Ripley - Trenton,LT-1,,2021-07-15T00:00:00,2021-07-26T00:00:00,2021-07-26T00:00:00,,,44,EA,350,15400,USD,
1000567266,100,INBOUND,7900063,F & M - Columbus,LT-2,,2021-06-16T00:00:00,2021-06-27T00:00:00,2021-06-27T00:00:00,2021-06-25T00:00:00,2021-06-29T00:00:00,320,EA,50,16000,USD,
1000567268,100,INBOUND,7900014,EM - Hemphill,LT-1,,2021-06-16T00:00:00,2021-06-27T00:00:00,2021-06-27T00:00:00,2021-06-23T00:00:00,2021-06-27T00:00:00,512,EA,19,9728,USD,
1000567274,100,INBOUND,39000224,LightLens - Ipswich ,LT-2,,2021-06-16T00:00:00,2021-06-27T00:00:00,2021-06-27T00:00:00,2021-06-23T00:00:00,2021-06-27T00:00:00,320,EA,203,64960,USD,
1000567276,100,INBOUND,83008400,Flexilux - Worcester,LT-2,,2021-06-16T00:00:00,2021-06-27T00:00:00,2021-06-27T00:00:00,2021-06-23T00:00:00,2021-06-27T00:00:00,320,EA,5530,1769600,USD,
1000567278,100,INBOUND,83600200,Brewers - Phoenix,LT-2,,2021-06-16T00:00:00,2021-06-27T00:00:00,2021-06-27T00:00:00,2021-06-23T00:00:00,2021-06-27T00:00:00,320,EA,1287,411840,USD,
1000567279,100,INBOUND,9665306,Interalloy - Bozeman,LT-2,,2021-06-16T00:00:00,2021-06-27T00:00:00,2021-06-27T00:00:00,2021-06-23T00:00:00,2021-06-27T00:00:00,124,EA,3,372,USD,
1000567283,100,INBOUND,81028220,Gemini - Dallas,LT-2,,2021-06-16T00:00:00,2021-06-27T00:00:00,2021-06-27T00:00:00,2021-06-27T00:00:00,2021-07-01T00:00:00,320,EA,122,39040,USD,
1000567286,100,INBOUND,83600200,Brewers - Phoenix,LT-1,,2021-07-15T00:00:00,2021-07-26T00:00:00,2021-07-26T00:00:00,2021-07-22T00:00:00,,44,EA,1287,56628,USD,
1000567287,100,INBOUND,2510188,Mueller - Pittsburgh,LT-1,,2021-06-16T00:00:00,2021-06-27T00:00:00,2021-06-27T00:00:00,2021-06-23T00:00:00,2021-06-27T00:00:00,512,EA,412,210944,USD,
1000567291,100,INBOUND,7900063,F & M - Columbus,LT-2,,2021-06-16T00:00:00,2021-06-27T00:00:00,2021-06-27T00:00:00,2021-06-23T00:00:00,2021-06-27T00:00:00,320,EA,50,16000,USD,
1000567292,100,INBOUND,9664147,Total Source - Waukesha,LT-2,,2021-06-16T00:00:00,2021-06-27T00:00:00,2021-06-27T00:00:00,2021-06-23T00:00:00,2021-06-27T00:00:00,320,EA,976,312320,USD,
1000567294,100,INBOUND,23000362,Alumi-lux - Nashua,LT-1,,2021-06-29T00:00:00,2021-07-10T00:00:00,2021-07-10T00:00:00,2021-07-10T00:00:00,2021-07-14T00:00:00,75,EA,455,34125,USD,
1000567295,100,INBOUND,9664144,Hardy - Salina,LT-2,,2021-06-16T00:00:00,2021-06-27T00:00:00,2021-06-27T00:00:00,2021-06-23T00:00:00,2021-06-27T00:00:00,64,EA,24,1536,USD,
1000567295,200,INBOUND,9664144,Hardy - Salina,LT-2,,2021-06-16T00:00:00,2021-06-27T00:00:00,2021-06-27T00:00:00,2021-06-25T00:00:00,2021-06-27T00:00:00,256,EA,24,6144,USD,
1000567296,100,INBOUND,81603030,Thermal - Cincinnati,LT-2,,2021-06-16T00:00:00,2021-06-27T00:00:00,2021-06-27T00:00:00,2021-06-23T00:00:00,2021-06-27T00:00:00,25,EA,55,1375,USD,
1000567296,200,INBOUND,81603030,Thermal - Cincinnati,LT-2,,2021-06-16T00:00:00,2021-06-27T00:00:00,2021-06-27T00:00:00,2021-06-25T00:00:00,2021-06-27T00:00:00,99,EA,55,5445,USD,
1000567306,100,INBOUND,7900015,Interalloy - Bozeman,LT-1,,2021-06-16T00:00:00,2021-06-27T00:00:00,2021-06-27T00:00:00,2021-06-23T00:00:00,2021-06-27T00:00:00,512,EA,3,1536,USD,
1000567308,100,INBOUND,7900015,Interalloy - Bozeman,LT-2,,2021-06-16T00:00:00,2021-06-27T00:00:00,2021-06-27T00:00:00,2021-06-23T00:00:00,2021-06-27T00:00:00,124,EA,3,372,USD,
1000567310,100,INBOUND,7900063,F & M - Columbus,LT-1,,2021-07-08T00:00:00,2021-07-19T00:00:00,2021-07-19T00:00:00,2021-07-15T00:00:00,2021-07-19T00:00:00,56,EA,50,2800,USD,
1000567311,100,INBOUND,9664144,Hardy - Salina,LT-1,,2021-06-29T00:00:00,2021-07-10T00:00:00,2021-07-10T00:00:00,2021-07-06T00:00:00,2021-07-10T00:00:00,75,EA,24,1800,USD,
1000567312,100,INBOUND,7900014,EM - Hemphill,LT-2,,2021-06-16T00:00:00,2021-06-27T00:00:00,2021-06-27T00:00:00,2021-06-23T00:00:00,2021-06-27T00:00:00,124,EA,19,2356,USD,
1000567313,100,INBOUND,7900063,F & M - Columbus,LT-1,,2021-06-16T00:00:00,2021-06-27T00:00:00,2021-06-27T00:00:00,2021-06-23T00:00:00,2021-06-27T00:00:00,512,EA,50,25600,USD,
1000567314,100,INBOUND,9664147,Total Source - Waukesha,LT-2,,2021-06-16T00:00:00,2021-06-27T00:00:00,2021-06-27T00:00:00,2021-06-23T00:00:00,2021-06-27T00:00:00,124,EA,976,121024,USD,
1000567315,100,INBOUND,29000469,SilverOptics - Dover,LT-2,,2021-06-16T00:00:00,2021-06-27T00:00:00,2021-06-27T00:00:00,2021-06-23T00:00:00,2021-06-27T00:00:00,320,EA,108,34560,USD,
1000567318,100,INBOUND,7900012,Interalloy - Bozeman,LT-1,,2021-07-08T00:00:00,2021-07-19T00:00:00,2021-07-19T00:00:00,2021-07-15T00:00:00,2021-07-19T00:00:00,56,EA,5,280,USD,
1000567319,100,INBOUND,81028220,Gemini - Dallas,LT-2,,2021-06-16T00:00:00,2021-06-27T00:00:00,2021-06-27T00:00:00,2021-06-23T00:00:00,2021-06-27T00:00:00,320,EA,122,39040,USD,
1000567320,100,INBOUND,83600300,Brewers - Phoenix,LT-1,,2021-07-08T00:00:00,2021-07-19T00:00:00,2021-07-19T00:00:00,2021-07-15T00:00:00,2021-07-19T00:00:00,56,EA,1456,81536,USD,
1000567321,100,INBOUND,83600200,Brewers - Phoenix,LT-2,,2021-06-16T00:00:00,2021-06-27T00:00:00,2021-06-27T00:00:00,2021-06-23T00:00:00,2021-06-27T00:00:00,320,EA,1287,411840,USD,
1000567323,100,INBOUND,45000222,R&J - Vancouver,LT-1,,2021-06-29T00:00:00,2021-07-10T00:00:00,2021-07-10T00:00:00,2021-07-06T00:00:00,2021-07-10T00:00:00,75,EA,774,58050,USD,
1000567324,100,INBOUND,2530003,McGrey - Mt Sterling,LT-1,,2021-06-29T00:00:00,2021-07-10T00:00:00,2021-07-10T00:00:00,2021-07-06T00:00:00,2021-07-10T00:00:00,75,EA,1290,96750,USD,
1000567325,100,INBOUND,7900128,Ripley - Trenton,LT-1,,2021-06-16T00:00:00,2021-06-27T00:00:00,2021-06-27T00:00:00,2021-06-23T00:00:00,2021-06-27T00:00:00,512,EA,320,163840,USD,
1000567326,100,INBOUND,2510188,Mueller - Pittsburgh,LT-1,,2021-06-29T00:00:00,2021-07-10T00:00:00,2021-07-10T00:00:00,2021-07-06T00:00:00,2021-07-10T00:00:00,75,EA,412,30900,USD,
1000567327,100,INBOUND,9665304,Mueller - Pittsburgh,LT-2,,2021-06-16T00:00:00,2021-06-27T00:00:00,2021-06-27T00:00:00,2021-06-23T00:00:00,2021-06-27T00:00:00,320,EA,422,135040,USD,
1000567332,100,INBOUND,29000469,SilverOptics - Dover,LT-1,,2021-06-16T00:00:00,2021-06-27T00:00:00,2021-06-27T00:00:00,2021-06-23T00:00:00,2021-06-27T00:00:00,124,EA,108,13392,USD,
1000567334,100,INBOUND,83600200,Brewers - Phoenix,LT-1,,2021-06-29T00:00:00,2021-07-10T00:00:00,2021-07-10T00:00:00,2021-07-06T00:00:00,2021-07-10T00:00:00,75,EA,1287,96525,USD,
1000567335,100,INBOUND,39000221,LightLens - Ipswich ,LT-1,,2021-06-16T00:00:00,2021-06-27T00:00:00,2021-06-27T00:00:00,2021-06-29T00:00:00,2021-07-03T00:00:00,512,EA,190,97280,USD,
1000567336,100,INBOUND,8220072,McGrey - Mt Sterling,LT-2,,2021-06-16T00:00:00,2021-06-27T00:00:00,2021-06-27T00:00:00,2021-06-23T00:00:00,2021-06-27T00:00:00,124,EA,1452,180048,USD,
1000567338,100,INBOUND,29000462,SilverOptics - Dover,LT-1,,2021-06-16T00:00:00,2021-06-27T00:00:00,2021-06-27T00:00:00,2021-06-23T00:00:00,2021-06-27T00:00:00,512,EA,95,48640,USD,
1000567340,100,INBOUND,23000362,Alumi-lux - Nashua,LT-1,,2021-07-08T00:00:00,2021-07-19T00:00:00,2021-07-19T00:00:00,2021-07-17T00:00:00,2021-07-21T00:00:00,56,EA,455,25480,USD,
1000567342,100,INBOUND,2510188,Mueller - Pittsburgh,LT-1,,2021-07-08T00:00:00,2021-07-19T00:00:00,2021-07-19T00:00:00,2021-07-15T00:00:00,2021-07-19T00:00:00,56,EA,412,23072,USD,
1000567346,100,INBOUND,7900015,Interalloy - Bozeman,LT-2,,2021-06-16T00:00:00,2021-06-27T00:00:00,2021-06-27T00:00:00,2021-06-23T00:00:00,2021-06-27T00:00:00,320,EA,3,960,USD,
1000567349,100,INBOUND,9665304,Mueller - Pittsburgh,LT-1,,2021-06-29T00:00:00,2021-07-10T00:00:00,2021-07-10T00:00:00,2021-07-06T00:00:00,2021-07-10T00:00:00,75,EA,422,31650,USD,
1000567350,100,INBOUND,89820200,Flexilux - Worcester,LT-1,,2021-07-15T00:00:00,2021-07-26T00:00:00,2021-07-26T00:00:00,2021-07-22T00:00:00,,44,EA,2349,103356,USD,
1000567351,100,INBOUND,9664147,Total Source - Waukesha,LT-2,,2021-06-16T00:00:00,2021-06-27T00:00:00,2021-06-27T00:00:00,2021-06-23T00:00:00,2021-06-27T00:00:00,124,EA,976,121024,USD,
1000567353,100,INBOUND,9665304,Mueller - Pittsburgh,LT-1,,2021-07-15T00:00:00,2021-07-26T00:00:00,2021-07-26T00:00:00,2021-07-22T00:00:00,,18,EA,422,7596,USD,
1000567353,200,INBOUND,9665304,Mueller - Pittsburgh,LT-1,,2021-07-15T00:00:00,2021-07-26T00:00:00,2021-07-26T00:00:00,2021-07-24T00:00:00,,26,EA,422,10972,USD,
1000567356,100,INBOUND,81028220,Gemini - Dallas,LT-1,,2021-07-08T00:00:00,2021-07-19T00:00:00,2021-07-19T00:00:00,2021-07-15T00:00:00,2021-07-19T00:00:00,56,EA,122,6832,USD,
1000567363,100,INBOUND,39000224,LightLens - Ipswich ,LT-1,,2021-07-15T00:00:00,2021-07-26T00:00:00,2021-07-26T00:00:00,2021-07-22T00:00:00,,44,EA,203,8932,USD,
1000567364,100,INBOUND,9665304,Mueller - Pittsburgh,LT-2,,2021-06-16T00:00:00,2021-06-27T00:00:00,2021-06-27T00:00:00,2021-06-23T00:00:00,2021-06-27T00:00:00,320,EA,422,135040,USD,
1000567365,100,INBOUND,7900063,F & M - Columbus,LT-1,,2021-06-29T00:00:00,2021-07-10T00:00:00,2021-07-10T00:00:00,2021-07-06T00:00:00,2021-07-10T00:00:00,75,EA,50,3750,USD,
1000567367,100,INBOUND,7900012,Interalloy - Bozeman,LT-1,,2021-06-29T00:00:00,2021-07-10T00:00:00,2021-07-10T00:00:00,2021-07-06T00:00:00,2021-07-10T00:00:00,75,EA,5,375,USD,
1000567369,100,INBOUND,89820200,Flexilux - Worcester,LT-1,,2021-06-29T00:00:00,2021-07-10T00:00:00,2021-07-10T00:00:00,2021-07-06T00:00:00,2021-07-10T00:00:00,75,EA,2349,176175,USD,
1000567370,100,INBOUND,29000462,SilverOptics - Dover,LT-1,,2021-07-08T00:00:00,2021-07-19T00:00:00,2021-07-19T00:00:00,2021-07-15T00:00:00,2021-07-19T00:00:00,56,EA,95,5320,USD,
1000567371,100,INBOUND,9665304,Mueller - Pittsburgh,LT-1,,2021-06-16T00:00:00,2021-06-27T00:00:00,2021-06-27T00:00:00,2021-06-23T00:00:00,2021-06-27T00:00:00,124,EA,422,52328,USD,
1000567374,100,INBOUND,7900014,EM - Hemphill,LT-2,,2021-06-16T00:00:00,2021-06-27T00:00:00,2021-06-27T00:00:00,2021-06-23T00:00:00,2021-06-27T00:00:00,320,EA,19,6080,USD,
1000567376,100,INBOUND,82500380,Ripley - Trenton,LT-2,,2021-06-16T00:00:00,2021-06-27T00:00:00,2021-06-27T00:00:00,2021-06-23T00:00:00,2021-06-27T00:00:00,32,EA,350,11200,USD,
1000567376,200,INBOUND,82500380,Ripley - Trenton,LT-2,,2021-06-16T00:00:00,2021-06-27T00:00:00,2021-06-27T00:00:00,2021-06-25T00:00:00,2021-06-27T00:00:00,288,EA,350,100800,USD,
1000567378,100,INBOUND,7900012,Interalloy - Bozeman,LT-2,,2021-06-16T00:00:00,2021-06-27T00:00:00,2021-06-27T00:00:00,2021-06-23T00:00:00,2021-06-27T00:00:00,124,EA,5,620,USD,
1000567382,100,INBOUND,39000224,LightLens - Ipswich ,LT-1,,2021-06-29T00:00:00,2021-07-10T00:00:00,2021-07-10T00:00:00,2021-07-06T00:00:00,2021-07-10T00:00:00,75,EA,203,15225,USD,
1000567383,100,INBOUND,9665306,Interalloy - Bozeman,LT-2,,2021-06-16T00:00:00,2021-06-27T00:00:00,2021-06-27T00:00:00,2021-06-25T00:00:00,2021-06-29T00:00:00,124,EA,3,372,USD,
1000567387,100,INBOUND,9664144,Hardy - Salina,LT-2,,2021-06-16T00:00:00,2021-06-27T00:00:00,2021-06-27T00:00:00,2021-06-23T00:00:00,2021-06-27T00:00:00,124,EA,24,2976,USD,
1000567388,100,INBOUND,9664146,Total Source - Waukesha,LT-1,,2021-06-16T00:00:00,2021-06-27T00:00:00,2021-06-27T00:00:00,2021-06-23T00:00:00,2021-06-27T00:00:00,512,EA,1032,528384,USD,
1000567391,100,INBOUND,39000221,LightLens - Ipswich ,LT-1,,2021-07-08T00:00:00,2021-07-19T00:00:00,2021-07-19T00:00:00,2021-07-15T00:00:00,2021-07-25T00:00:00,56,EA,190,10640,USD,
1000567392,100,INBOUND,81028220,Gemini - Dallas,LT-2,,2021-06-16T00:00:00,2021-06-27T00:00:00,2021-06-27T00:00:00,2021-06-23T00:00:00,2021-06-27T00:00:00,124,EA,122,15128,USD,
1000567394,100,INBOUND,7900014,EM - Hemphill,LT-1,,2021-06-29T00:00:00,2021-07-10T00:00:00,2021-07-10T00:00:00,2021-07-06T00:00:00,2021-07-10T00:00:00,75,EA,19,1425,USD,
1000567397,100,INBOUND,9665304,Mueller - Pittsburgh,LT-2,,2021-06-16T00:00:00,2021-06-27T00:00:00,2021-06-27T00:00:00,2021-06-23T00:00:00,2021-06-27T00:00:00,124,EA,422,52328,USD,
1000567399,100,INBOUND,2510188,Mueller - Pittsburgh,LT-2,,2021-06-16T00:00:00,2021-06-27T00:00:00,2021-06-27T00:00:00,2021-06-23T00:00:00,2021-06-27T00:00:00,320,EA,412,131840,USD,
1000567402,100,INBOUND,23000362,Alumi-lux - Nashua,LT-1,,2021-06-16T00:00:00,2021-06-27T00:00:00,2021-06-27T00:00:00,2021-06-23T00:00:00,2021-06-27T00:00:00,512,EA,455,232960,USD,
1000567403,100,INBOUND,2510188,Mueller - Pittsburgh,LT-1,,2021-07-15T00:00:00,2021-07-26T00:00:00,2021-07-26T00:00:00,2021-07-22T00:00:00,,44,EA,412,18128,USD,
1000567405,100,INBOUND,7900015,Interalloy - Bozeman,LT-2,,2021-06-16T00:00:00,2021-06-27T00:00:00,2021-06-27T00:00:00,2021-06-23T00:00:00,2021-06-27T00:00:00,320,EA,3,960,USD,
1000567407,100,INBOUND,81028220,Gemini - Dallas,LT-1,,2021-06-16T00:00:00,2021-06-27T00:00:00,2021-06-27T00:00:00,2021-06-23T00:00:00,2021-06-27T00:00:00,512,EA,122,62464,USD,
1000567409,100,INBOUND,9664146,Total Source - Waukesha,LT-1,,2021-07-08T00:00:00,2021-07-19T00:00:00,2021-07-19T00:00:00,2021-07-15T00:00:00,2021-07-19T00:00:00,56,EA,1032,57792,USD,
1000567411,100,INBOUND,7900015,Interalloy - Bozeman,LT-1,,2021-07-15T00:00:00,2021-07-26T00:00:00,2021-07-26T00:00:00,2021-07-24T00:00:00,,44,EA,3,132,USD,
1000567414,100,INBOUND,86000123,Amos - Philadelphia,LT-1,,2021-06-29T00:00:00,2021-07-10T00:00:00,2021-07-10T00:00:00,2021-07-06T00:00:00,2021-07-10T00:00:00,75,EA,55,4125,USD,
1000567415,100,INBOUND,8210677,RLP - Troy,LT-2,,2021-06-16T00:00:00,2021-06-27T00:00:00,2021-06-27T00:00:00,2021-06-23T00:00:00,2021-06-27T00:00:00,320,EA,189,60480,USD,
1000567416,100,INBOUND,7900012,Interalloy - Bozeman,LT-2,,2021-06-16T00:00:00,2021-06-27T00:00:00,2021-06-27T00:00:00,2021-06-23T00:00:00,2021-06-27T00:00:00,320,EA,5,1600,USD,
1000567417,100,INBOUND,9664144,Hardy - Salina,LT-2,,2021-06-16T00:00:00,2021-06-27T00:00:00,2021-06-27T00:00:00,2021-06-23T00:00:00,2021-06-27T00:00:00,124,EA,24,2976,USD,
1000567418,100,INBOUND,23000362,Alumi-lux - Nashua,LT-1,,2021-06-16T00:00:00,2021-06-27T00:00:00,2021-06-27T00:00:00,2021-06-23T00:00:00,2021-06-27T00:00:00,124,EA,455,56420,USD,
1000567419,100,INBOUND,39000224,LightLens - Ipswich ,LT-2,,2021-06-16T00:00:00,2021-06-27T00:00:00,2021-06-27T00:00:00,2021-06-23T00:00:00,2021-06-27T00:00:00,124,EA,203,25172,USD,
1000567420,100,INBOUND,81028220,Gemini - Dallas,LT-1,,2021-06-29T00:00:00,2021-07-10T00:00:00,2021-07-10T00:00:00,2021-07-06T00:00:00,2021-07-10T00:00:00,75,EA,122,9150,USD,
1000567421,100,INBOUND,2000287,RLP - Troy,LT-1,,2021-06-16T00:00:00,2021-06-27T00:00:00,2021-06-27T00:00:00,2021-06-23T00:00:00,2021-06-27T00:00:00,512,EA,112,57344,USD,
1000567422,100,INBOUND,83008200,Flexilux - Worcester,LT-1,,2021-06-16T00:00:00,2021-06-27T00:00:00,2021-06-27T00:00:00,2021-06-23T00:00:00,2021-06-27T00:00:00,512,EA,2398,1227776,USD,
1000567423,100,INBOUND,82500380,Ripley - Trenton,LT-2,,2021-06-16T00:00:00,2021-06-27T00:00:00,2021-06-27T00:00:00,2021-06-23T00:00:00,2021-06-27T00:00:00,62,EA,350,21700,USD,
1000567423,200,INBOUND,82500380,Ripley - Trenton,LT-2,,2021-06-16T00:00:00,2021-06-27T00:00:00,2021-06-27T00:00:00,2021-06-25T00:00:00,2021-06-27T00:00:00,62,EA,350,21700,USD,
1000567424,100,INBOUND,83600200,Brewers - Phoenix,LT-2,,2021-06-16T00:00:00,2021-06-27T00:00:00,2021-06-27T00:00:00,2021-06-23T00:00:00,2021-06-27T00:00:00,124,EA,1287,159588,USD,
1000567425,100,INBOUND,29000469,SilverOptics - Dover,LT-2,,2021-06-16T00:00:00,2021-06-27T00:00:00,2021-06-27T00:00:00,2021-06-23T00:00:00,2021-06-27T00:00:00,320,EA,108,34560,USD,
1000567428,100,INBOUND,7900012,Interalloy - Bozeman,LT-2,,2021-06-16T00:00:00,2021-06-27T00:00:00,2021-06-27T00:00:00,2021-06-23T00:00:00,2021-06-27T00:00:00,124,EA,5,620,USD,
1000567429,100,INBOUND,45000222,R&J - Vancouver,LT-1,,2021-07-15T00:00:00,2021-07-26T00:00:00,2021-07-26T00:00:00,2021-07-22T00:00:00,,44,EA,774,34056,USD,
1000567430,100,INBOUND,82500380,Ripley - Trenton,LT-2,,2021-06-16T00:00:00,2021-06-27T00:00:00,2021-06-27T00:00:00,2021-06-23T00:00:00,2021-06-27T00:00:00,128,EA,350,44800,USD,
1000567430,200,INBOUND,82500380,Ripley - Trenton,LT-2,,2021-06-16T00:00:00,2021-06-27T00:00:00,2021-06-27T00:00:00,2021-06-25T00:00:00,2021-06-27T00:00:00,192,EA,350,67200,USD,
1000567432,100,INBOUND,9665306,Interalloy - Bozeman,LT-1,,2021-06-29T00:00:00,2021-07-10T00:00:00,2021-07-10T00:00:00,2021-07-06T00:00:00,2021-07-10T00:00:00,75,EA,3,225,USD,
1000567434,100,INBOUND,86000124,Amos - Philadelphia,LT-1,,2021-06-16T00:00:00,2021-06-27T00:00:00,2021-06-27T00:00:00,2021-06-23T00:00:00,2021-06-27T00:00:00,124,EA,55,6820,USD,
1000567435,100,INBOUND,7900063,F & M - Columbus,LT-1,,2021-07-15T00:00:00,2021-07-26T00:00:00,2021-07-26T00:00:00,2021-07-22T00:00:00,,44,EA,50,2200,USD,
1000567437,100,INBOUND,2000287,RLP - Troy,LT-1,,2021-07-08T00:00:00,2021-07-19T00:00:00,2021-07-19T00:00:00,2021-07-15T00:00:00,2021-07-19T00:00:00,56,EA,112,6272,USD,
1000567438,100,INBOUND,39000224,LightLens - Ipswich ,LT-2,,2021-06-16T00:00:00,2021-06-27T00:00:00,2021-06-27T00:00:00,2021-06-23T00:00:00,2021-06-27T00:00:00,124,EA,203,25172,USD,
1000567442,100,INBOUND,7900063,F & M - Columbus,LT-2,,2021-06-16T00:00:00,2021-06-27T00:00:00,2021-06-27T00:00:00,2021-06-23T00:00:00,2021-06-27T00:00:00,124,EA,50,6200,USD,
1000567443,100,INBOUND,9664145,Total Source - Waukesha,LT-1,,2021-06-29T00:00:00,2021-07-10T00:00:00,2021-07-10T00:00:00,2021-07-06T00:00:00,2021-07-10T00:00:00,75,EA,833,62475,USD,
1000567446,100,INBOUND,9665306,Interalloy - Bozeman,LT-1,,2021-06-16T00:00:00,2021-06-27T00:00:00,2021-06-27T00:00:00,2021-06-23T00:00:00,2021-06-27T00:00:00,512,EA,3,1536,USD,
1000567448,100,INBOUND,86000121,Amos - Philadelphia,LT-1,,2021-06-16T00:00:00,2021-06-27T00:00:00,2021-06-27T00:00:00,2021-06-25T00:00:00,2021-06-29T00:00:00,512,EA,55,28160,USD,
1000567449,100,INBOUND,86000124,Amos - Philadelphia,LT-2,,2021-06-16T00:00:00,2021-06-27T00:00:00,2021-06-27T00:00:00,2021-06-23T00:00:00,2021-06-27T00:00:00,124,EA,55,6820,USD,
1000567450,100,INBOUND,9664145,Total Source - Waukesha,LT-1,,2021-07-15T00:00:00,2021-07-26T00:00:00,2021-07-26T00:00:00,2021-07-22T00:00:00,,44,EA,833,36652,USD,
1000567451,100,INBOUND,86000124,Amos - Philadelphia,LT-2,,2021-06-16T00:00:00,2021-06-27T00:00:00,2021-06-27T00:00:00,2021-06-23T00:00:00,2021-06-27T00:00:00,320,EA,55,17600,USD,
1000567459,100,INBOUND,2510188,Mueller - Pittsburgh,LT-2,,2021-06-16T00:00:00,2021-06-27T00:00:00,2021-06-27T00:00:00,2021-06-23T00:00:00,2021-06-27T00:00:00,124,EA,412,51088,USD,
1000567460,100,INBOUND,9664144,Hardy - Salina,LT-1,,2021-07-15T00:00:00,2021-07-26T00:00:00,2021-07-26T00:00:00,2021-07-24T00:00:00,,44,EA,24,1056,USD,
1000567461,100,INBOUND,81603000,Thermal - Cincinnati,LT-2,,2021-06-16T00:00:00,2021-06-27T00:00:00,2021-06-27T00:00:00,2021-06-23T00:00:00,2021-06-27T00:00:00,320,EA,55,17600,USD,
1000567462,100,INBOUND,81028220,Gemini - Dallas,LT-1,,2021-07-15T00:00:00,2021-07-26T00:00:00,2021-07-26T00:00:00,2021-07-22T00:00:00,,44,EA,122,5368,USD,
1000567463,100,INBOUND,29000469,SilverOptics - Dover,LT-1,,2021-06-29T00:00:00,2021-07-10T00:00:00,2021-07-10T00:00:00,2021-07-06T00:00:00,2021-07-10T00:00:00,75,EA,108,8100,USD,
1000567464,100,INBOUND,81603000,Thermal - Cincinnati,LT-2,,2021-06-16T00:00:00,2021-06-27T00:00:00,2021-06-27T00:00:00,2021-06-23T00:00:00,2021-06-27T00:00:00,320,EA,55,17600,USD,
1000567467,100,INBOUND,9664144,Hardy - Salina,LT-1,,2021-06-16T00:00:00,2021-06-27T00:00:00,2021-06-27T00:00:00,2021-06-23T00:00:00,2021-06-27T00:00:00,512,EA,24,12288,USD,
1000567468,100,INBOUND,2510188,Mueller - Pittsburgh,LT-2,,2021-06-16T00:00:00,2021-06-27T00:00:00,2021-06-27T00:00:00,2021-06-23T00:00:00,2021-06-27T00:00:00,320,EA,412,131840,USD,
1000567470,100,INBOUND,7900015,Interalloy - Bozeman,LT-1,,2021-07-08T00:00:00,2021-07-19T00:00:00,2021-07-19T00:00:00,2021-07-15T00:00:00,2021-07-19T00:00:00,56,EA,3,168,USD,
1000567471,100,INBOUND,2530020,McGrey - Mt Sterling,LT-1,,2021-06-16T00:00:00,2021-06-27T00:00:00,2021-06-27T00:00:00,2021-06-26T00:00:00,2021-06-30T00:00:00,512,EA,1180,604160,USD,
1000567473,100,INBOUND,8220072,McGrey - Mt Sterling,LT-2,,2021-06-16T00:00:00,2021-06-27T00:00:00,2021-06-27T00:00:00,2021-06-23T00:00:00,2021-06-27T00:00:00,124,EA,1452,180048,USD,
1000567474,100,INBOUND,7900015,Interalloy - Bozeman,LT-1,,2021-06-29T00:00:00,2021-07-10T00:00:00,2021-07-10T00:00:00,2021-07-06T00:00:00,2021-07-10T00:00:00,75,EA,3,225,USD,
1000567475,100,INBOUND,82500380,Ripley - Trenton,LT-1,,2021-06-29T00:00:00,2021-07-10T00:00:00,2021-07-10T00:00:00,2021-07-06T00:00:00,2021-07-10T00:00:00,75,EA,350,26250,USD,
1000567476,100,INBOUND,7900014,EM - Hemphill,LT-2,,2021-06-16T00:00:00,2021-06-27T00:00:00,2021-06-27T00:00:00,2021-06-23T00:00:00,2021-06-27T00:00:00,320,EA,19,6080,USD,
1000567477,100,INBOUND,9664144,Hardy - Salina,LT-2,,2021-06-16T00:00:00,2021-06-27T00:00:00,2021-06-27T00:00:00,2021-06-23T00:00:00,2021-06-27T00:00:00,320,EA,24,7680,USD,
1000567478,100,INBOUND,9664147,Total Source - Waukesha,LT-2,,2021-06-16T00:00:00,2021-06-27T00:00:00,2021-06-27T00:00:00,2021-06-23T00:00:00,2021-06-27T00:00:00,320,EA,976,312320,USD,
1000567479,100,INBOUND,82500380,SA - Loretto,LT-1,,2021-07-08T00:00:00,2021-07-19T00:00:00,2021-07-19T00:00:00,2021-07-15T00:00:00,2021-07-19T00:00:00,56,EA,350,19600,USD,
1000567481,100,INBOUND,7903986,McGrey - Mt Sterling,LT-2,,2021-06-16T00:00:00,2021-06-27T00:00:00,2021-06-27T00:00:00,2021-06-23T00:00:00,2021-06-27T00:00:00,320,EA,990,316800,USD,
1000567482,100,INBOUND,9664144,Hardy - Salina,LT-1,,2021-07-08T00:00:00,2021-07-19T00:00:00,2021-07-19T00:00:00,2021-07-16T00:00:00,2021-07-18T00:00:00,56,EA,24,1344,USD,
1000567483,100,INBOUND,83600200,Brewers - Phoenix,LT-2,,2021-06-16T00:00:00,2021-06-27T00:00:00,2021-06-27T00:00:00,2021-06-23T00:00:00,2021-06-27T00:00:00,124,EA,1287,159588,USD,
1000567484,100,INBOUND,83008300,Flexilux - Worcester,LT-2,,2021-06-16T00:00:00,2021-06-27T00:00:00,2021-06-27T00:00:00,2021-06-23T00:00:00,2021-06-27T00:00:00,124,EA,4592,569408,USD,
1000567486,100,INBOUND,2530003,McGrey - Mt Sterling,LT-1,,2021-07-15T00:00:00,2021-07-26T00:00:00,2021-07-26T00:00:00,2021-07-22T00:00:00,,44,EA,1290,56760,USD,
1000567490,100,INBOUND,9665303,Luminar - Palm Beach Gardens,LT-2,,2021-06-16T00:00:00,2021-06-27T00:00:00,2021-06-27T00:00:00,2021-06-23T00:00:00,2021-06-27T00:00:00,124,EA,950,117800,USD,
1000567494,100,INBOUND,82500380,Ripley - Trenton,LT-1,,2021-06-16T00:00:00,2021-06-27T00:00:00,2021-06-27T00:00:00,2021-06-23T00:00:00,2021-06-27T00:00:00,124,EA,350,43400,USD,
1000567495,100,INBOUND,7900063,F & M - Columbus,LT-2,,2021-06-16T00:00:00,2021-06-27T00:00:00,2021-06-27T00:00:00,2021-06-23T00:00:00,2021-06-27T00:00:00,124,EA,50,6200,USD,
1000567497,100,INBOUND,9665306,Interalloy - Bozeman,LT-1,,2021-07-15T00:00:00,2021-07-26T00:00:00,2021-07-26T00:00:00,2021-07-21T00:00:00,,44,EA,3,132,USD,
1000567500,100,INBOUND,2530020,McGrey - Mt Sterling,LT-1,,2021-07-08T00:00:00,2021-07-19T00:00:00,2021-07-19T00:00:00,2021-07-15T00:00:00,2021-07-19T00:00:00,56,EA,1180,66080,USD,
100044322,100,OUTBOUND,PS-SL-A287,LT-2,FAA - Washington,,2017-07-20T00:00:00,2021-08-11T00:00:00,2021-08-14T00:00:00,2021-08-11T00:00:00,2021-08-14T00:00:00,400,EA,1250,500000,USD,
100044322,200,OUTBOUND,PS-SL-KIT,LT-2,FAA - Washington,,2017-07-20T00:00:00,2021-08-11T00:00:00,2021-08-14T00:00:00,2021-08-11T00:00:00,2021-08-14T00:00:00,400,EA,0,0,USD,
100044322,300,OUTBOUND,PS-SL-INFO,LT-2,FAA - Washington,,2017-07-20T00:00:00,2021-08-11T00:00:00,2021-08-14T00:00:00,2021-08-11T00:00:00,2021-08-14T00:00:00,400,EA,0,0,USD,
